"ONTOLOGY","ID","Description","GeneRatio","BgRatio","pvalue","p.adjust","qvalue","geneID","Count"
"BP","GO:0051085","chaperone cofactor-dependent protein refolding","4/71","34/18862",7.84785575928853e-06,0.0115152182637431,0.00999273662560964,"3303/10728/3313/23753",4
"BP","GO:0051084","'de novo' posttranslational protein folding","4/71","39/18862",1.37224997292517e-05,0.0115152182637431,0.00999273662560964,"3303/10728/3313/23753",4
"BP","GO:0006458","'de novo' protein folding","4/71","43/18862",2.03568973430933e-05,0.0115152182637431,0.00999273662560964,"3303/10728/3313/23753",4
"BP","GO:0042026","protein refolding","3/71","23/18862",8.57511921464099e-05,0.0315097180140667,0.0273436687043261,"3303/3313/55466",3
"BP","GO:0061077","chaperone-mediated protein folding","4/71","63/18862",9.28394755865255e-05,0.0315097180140667,0.0273436687043261,"3303/10728/3313/23753",4
"MF","GO:0051082","unfolded protein binding","5/69","120/18337",8.87911576406142e-05,0.0247529842583671,0.0212103133811308,"3303/10728/80273/3313/55466",5
"MF","GO:0051787","misfolded protein binding","3/69","29/18337",0.000173705152690296,0.0247529842583671,0.0212103133811308,"3303/3313/23753",3
